max_depth,train_acc,test_acc
1,0.28186786690242727,0.2867245258759241
3,0.2899051599421315,0.29411764705882354
5,0.32502813052563895,0.29218900675024106
7,0.4229223597492365,0.28640308582449375
10,0.6706317312329207,0.2809386049501768
15,0.7662755184054011,0.27611700417872065
20,0.7663558913357981,0.27611700417872065
30,0.7663558913357981,0.27611700417872065
,0.7663558913357981,0.27611700417872065
